{"cameraMode":{"drawMode":0,"name":"Shaded","section":"Shading Mode"},"sceneLighting":true,"audioPlay":false,"sceneViewState":{"m_AlwaysRefresh":false,"showFog":true,"showSkybox":true,"showFlares":true,"showImageEffects":true,"showParticleSystems":true,"showVisualEffectGraphs":true,"m_FxEnabled":true},"in2DMode":false,"pivot":{"x":30.146717071533204,"y":72.41712951660156,"z":36.88728332519531},"rotation":{"x":0.012351900339126587,"y":-0.986172616481781,"z":0.14180032908916474,"w":0.08580377697944641},"size":11.842788696289063,"orthographic":true}