{"cameraMode":{"drawMode":0,"name":"Shaded","section":"Shading Mode"},"sceneLighting":true,"audioPlay":false,"sceneViewState":{"m_AlwaysRefresh":false,"showFog":true,"showSkybox":true,"showFlares":true,"showImageEffects":true,"showParticleSystems":true,"showVisualEffectGraphs":true,"m_FxEnabled":true},"in2DMode":false,"pivot":{"x":417.70867919921877,"y":213.93777465820313,"z":-9.805299758911133},"rotation":{"x":0.12349621206521988,"y":-0.0049669137224555019,"z":0.0006144159124232829,"w":0.9923563003540039},"size":186.6315155029297,"orthographic":false}