{"cameraMode":{"drawMode":0,"name":"Shaded","section":"Shading Mode"},"sceneLighting":true,"audioPlay":false,"sceneViewState":{"m_AlwaysRefresh":false,"showFog":true,"showSkybox":true,"showFlares":true,"showImageEffects":true,"showParticleSystems":true,"showVisualEffectGraphs":true,"m_FxEnabled":true},"in2DMode":false,"pivot":{"x":30.146717071533204,"y":72.41712951660156,"z":36.88728332519531},"rotation":{"x":0.10495878010988236,"y":-0.8884567022323608,"z":0.36813321709632876,"w":0.25336432456970217},"size":14.304165840148926,"orthographic":true}